code,Variable,Frequency,Units,Source,cumulative,sa,transformation,url,download_group,Block1-Global,Block2-TradeGoodsVal,Block3-TradeGoodsVol,Block4-Freight,Block5-TradeServices,Block6-EconomicAct,Block7-Soft,Block8-Developed,Block9-Developing,x_world,x_world_block_1,x_vol_world2,x_vol_world2_block_1,x_servs_world,x_servs_world_block_1,x_world_p,x_vol_world2_p,x_servs_world_p
x_cn,"Merchandise exports, China (OECD)",Monthly,US$ billions,OECD,n,y,growthr,https://stats.oecd.org/restsdmx/sdmx.ashx/GetData/MEI/FRA+DEU+ITA+JPN+KOR+NLD+GBR+USA+OECD+CHN+IND+RUS+BEL+BRA+ZAF+MEX+CAN+BRIICS.XTEXVA01.CXMLSA.M/all?startTime=,1,1,1,0,0,0,0,0,0,1,0,0,0,0,0,0,1,1,2
x_us,"Merchandise exports, United States",Monthly,US$ billions,OECD,n,y,growthr,https://stats.oecd.org/restsdmx/sdmx.ashx/GetData/MEI/FRA+DEU+ITA+JPN+KOR+NLD+GBR+USA+OECD+CHN+IND+RUS+BEL+BRA+ZAF+MEX+CAN+BRIICS.XTEXVA01.CXMLSA.M/all?startTime=,1,1,1,0,0,0,0,0,1,0,0,0,0,0,0,0,1,1,2
x_de,"Merchandise exports, Germany",Monthly,US$ billions,OECD,n,y,growthr,https://stats.oecd.org/restsdmx/sdmx.ashx/GetData/MEI/FRA+DEU+ITA+JPN+KOR+NLD+GBR+USA+OECD+CHN+IND+RUS+BEL+BRA+ZAF+MEX+CAN+BRIICS.XTEXVA01.CXMLSA.M/all?startTime=,1,1,1,0,0,0,0,0,1,0,0,0,0,0,0,0,1,1,2
x_jp,"Merchandise exports, Japan",Monthly,US$ billions,OECD,n,y,growthr,https://stats.oecd.org/restsdmx/sdmx.ashx/GetData/MEI/FRA+DEU+ITA+JPN+KOR+NLD+GBR+USA+OECD+CHN+IND+RUS+BEL+BRA+ZAF+MEX+CAN+BRIICS.XTEXVA01.CXMLSA.M/all?startTime=,1,1,1,0,0,0,0,0,1,0,13,13,4,4,0,0,1,1,2
x_nl,"Merchandise exports, Netherlands",Monthly,US$ billions,OECD,n,y,growthr,https://stats.oecd.org/restsdmx/sdmx.ashx/GetData/MEI/FRA+DEU+ITA+JPN+KOR+NLD+GBR+USA+OECD+CHN+IND+RUS+BEL+BRA+ZAF+MEX+CAN+BRIICS.XTEXVA01.CXMLSA.M/all?startTime=,1,1,1,0,0,0,0,0,1,0,10,10,0,0,3,3,1,1,2
x_kr,"Merchandise exports, South Korea",Monthly,US$ billions,OECD,n,y,growthr,https://stats.oecd.org/restsdmx/sdmx.ashx/GetData/MEI/FRA+DEU+ITA+JPN+KOR+NLD+GBR+USA+OECD+CHN+IND+RUS+BEL+BRA+ZAF+MEX+CAN+BRIICS.XTEXVA01.CXMLSA.M/all?startTime=,1,1,1,0,0,0,0,0,0,1,0,0,14,14,0,0,1,1,2
x_fr,"Merchandise exports, France",Monthly,US$ billions,OECD,n,y,growthr,https://stats.oecd.org/restsdmx/sdmx.ashx/GetData/MEI/FRA+DEU+ITA+JPN+KOR+NLD+GBR+USA+OECD+CHN+IND+RUS+BEL+BRA+ZAF+MEX+CAN+BRIICS.XTEXVA01.CXMLSA.M/all?startTime=,1,1,1,0,0,0,0,0,1,0,0,0,0,0,0,0,1,1,2
x_it,"Merchandise exports, Italy",Monthly,US$ billions,OECD,n,y,growthr,https://stats.oecd.org/restsdmx/sdmx.ashx/GetData/MEI/FRA+DEU+ITA+JPN+KOR+NLD+GBR+USA+OECD+CHN+IND+RUS+BEL+BRA+ZAF+MEX+CAN+BRIICS.XTEXVA01.CXMLSA.M/all?startTime=,1,1,1,0,0,0,0,0,1,0,3,3,12,12,0,0,1,1,2
x_uk,"Merchandise exports, United Kingdom",Monthly,US$ billions,OECD,n,y,growthr,https://stats.oecd.org/restsdmx/sdmx.ashx/GetData/MEI/FRA+DEU+ITA+JPN+KOR+NLD+GBR+USA+OECD+CHN+IND+RUS+BEL+BRA+ZAF+MEX+CAN+BRIICS.XTEXVA01.CXMLSA.M/all?startTime=,1,1,1,0,0,0,0,0,1,0,0,0,0,0,0,0,1,1,2
x_mx,"Merchandise exports, Mexico",Monthly,US$ billions,OECD,n,y,growthr,https://stats.oecd.org/restsdmx/sdmx.ashx/GetData/MEI/FRA+DEU+ITA+JPN+KOR+NLD+GBR+USA+OECD+CHN+IND+RUS+BEL+BRA+ZAF+MEX+CAN+BRIICS.XTEXVA01.CXMLSA.M/all?startTime=,1,1,1,0,0,0,0,0,0,1,0,0,0,0,0,0,1,1,2
x_ca,"Merchandise exports, Canada",Monthly,US$ billions,OECD,n,y,growthr,https://stats.oecd.org/restsdmx/sdmx.ashx/GetData/MEI/FRA+DEU+ITA+JPN+KOR+NLD+GBR+USA+OECD+CHN+IND+RUS+BEL+BRA+ZAF+MEX+CAN+BRIICS.XTEXVA01.CXMLSA.M/all?startTime=,1,1,1,0,0,0,0,0,1,0,0,0,0,0,0,0,1,1,2
x_be,"Merchandise exports, Belgium",Monthly,US$ billions,OECD,n,y,growthr,https://stats.oecd.org/restsdmx/sdmx.ashx/GetData/MEI/FRA+DEU+ITA+JPN+KOR+NLD+GBR+USA+OECD+CHN+IND+RUS+BEL+BRA+ZAF+MEX+CAN+BRIICS.XTEXVA01.CXMLSA.M/all?startTime=,1,1,1,0,0,0,0,0,1,0,0,0,0,0,0,0,1,1,2
x_ru,"Merchandise exports, Russian Federation",Monthly,US$ billions,OECD,n,y,growthr,https://stats.oecd.org/restsdmx/sdmx.ashx/GetData/MEI/FRA+DEU+ITA+JPN+KOR+NLD+GBR+USA+OECD+CHN+IND+RUS+BEL+BRA+ZAF+MEX+CAN+BRIICS.XTEXVA01.CXMLSA.M/all?startTime=,1,1,1,0,0,0,0,0,0,1,0,0,0,0,0,0,1,1,2
x_in,"Merchandise exports, India",Monthly,US$ billions,OECD,n,y,growthr,https://stats.oecd.org/restsdmx/sdmx.ashx/GetData/MEI/FRA+DEU+ITA+JPN+KOR+NLD+GBR+USA+OECD+CHN+IND+RUS+BEL+BRA+ZAF+MEX+CAN+BRIICS.XTEXVA01.CXMLSA.M/all?startTime=,1,1,1,0,0,0,0,0,0,1,0,0,0,0,0,0,1,1,2
x_br,"Merchandise exports, Brazil",Monthly,US$ billions,OECD,n,y,growthr,https://stats.oecd.org/restsdmx/sdmx.ashx/GetData/MEI/FRA+DEU+ITA+JPN+KOR+NLD+GBR+USA+OECD+CHN+IND+RUS+BEL+BRA+ZAF+MEX+CAN+BRIICS.XTEXVA01.CXMLSA.M/all?startTime=,1,1,1,0,0,0,0,0,0,1,6,6,0,0,0,0,1,1,2
x_za,"Merchandise exports, South Africa",Monthly,US$ billions,OECD,n,y,growthr,https://stats.oecd.org/restsdmx/sdmx.ashx/GetData/MEI/FRA+DEU+ITA+JPN+KOR+NLD+GBR+USA+OECD+CHN+IND+RUS+BEL+BRA+ZAF+MEX+CAN+BRIICS.XTEXVA01.CXMLSA.M/all?startTime=,1,1,1,0,0,0,0,0,0,1,0,0,0,0,0,0,1,1,2
x_oecd,"Merchandise exports, OECD",Monthly,US$ billions,OECD,n,y,growthr,https://stats.oecd.org/restsdmx/sdmx.ashx/GetData/MEI/FRA+DEU+ITA+JPN+KOR+NLD+GBR+USA+OECD+CHN+IND+RUS+BEL+BRA+ZAF+MEX+CAN+BRIICS.XTEXVA01.CXMLSA.M/all?startTime=,1,1,1,0,0,0,0,0,1,0,0,0,0,0,0,0,1,1,2
x_briics,"Merchandise exports, BRIICS",Monthly,US$ billions,OECD,n,y,growthr,https://stats.oecd.org/restsdmx/sdmx.ashx/GetData/MEI/FRA+DEU+ITA+JPN+KOR+NLD+GBR+USA+OECD+CHN+IND+RUS+BEL+BRA+ZAF+MEX+CAN+BRIICS.XTEXVA01.CXMLSA.M/all?startTime=,1,1,1,0,0,0,0,0,0,1,0,0,0,0,0,0,1,1,2
ipi_us,"Industrial production index, United States",Monthly,index 2015 = 100,OECD,n,y,growthr,https://stats.oecd.org/restsdmx/sdmx.ashx/GetData/MEI/FRA+DEU+ITA+JPN+KOR+MEX+GBR+USA+RUS+CAN+ESP+OECD.PRMNTO01.IXOBSA.M/all?startTime=,2,1,0,0,0,0,1,0,1,0,0,0,0,0,0,0,1,1,2
ipi_jp,"Industrial production index, Japan",Monthly,index 2015 = 100,OECD,n,y,growthr,https://stats.oecd.org/restsdmx/sdmx.ashx/GetData/MEI/FRA+DEU+ITA+JPN+KOR+MEX+GBR+USA+RUS+CAN+ESP+OECD.PRMNTO01.IXOBSA.M/all?startTime=,2,1,0,0,0,0,1,0,1,0,0,0,0,0,10,10,1,1,2
ipi_de,"Industrial production index, Germany",Monthly,index 2015 = 100,OECD,n,y,growthr,https://stats.oecd.org/restsdmx/sdmx.ashx/GetData/MEI/FRA+DEU+ITA+JPN+KOR+MEX+GBR+USA+RUS+CAN+ESP+OECD.PRMNTO01.IXOBSA.M/all?startTime=,2,1,0,0,0,0,1,0,1,0,2,2,0,0,0,0,1,1,2
ipi_kr,"Industrial production index, South Korea",Monthly,index 2015 = 100,OECD,n,y,growthr,https://stats.oecd.org/restsdmx/sdmx.ashx/GetData/MEI/FRA+DEU+ITA+JPN+KOR+MEX+GBR+USA+RUS+CAN+ESP+OECD.PRMNTO01.IXOBSA.M/all?startTime=,2,1,0,0,0,0,1,0,0,1,0,0,0,0,0,0,1,1,2
ipi_it,"Industrial production index, Italy",Monthly,index 2015 = 100,OECD,n,y,growthr,https://stats.oecd.org/restsdmx/sdmx.ashx/GetData/MEI/FRA+DEU+ITA+JPN+KOR+MEX+GBR+USA+RUS+CAN+ESP+OECD.PRMNTO01.IXOBSA.M/all?startTime=,2,1,0,0,0,0,1,0,1,0,0,0,0,0,0,0,1,1,2
ipi_fr,"Industrial production index, France",Monthly,index 2015 = 100,OECD,n,y,growthr,https://stats.oecd.org/restsdmx/sdmx.ashx/GetData/MEI/FRA+DEU+ITA+JPN+KOR+MEX+GBR+USA+RUS+CAN+ESP+OECD.PRMNTO01.IXOBSA.M/all?startTime=,2,1,0,0,0,0,1,0,1,0,0,0,0,0,0,0,1,1,2
ipi_uk,"Industrial production index, United Kingdom",Monthly,index 2015 = 100,OECD,n,y,growthr,https://stats.oecd.org/restsdmx/sdmx.ashx/GetData/MEI/FRA+DEU+ITA+JPN+KOR+MEX+GBR+USA+RUS+CAN+ESP+OECD.PRMNTO01.IXOBSA.M/all?startTime=,2,1,0,0,0,0,1,0,1,0,0,0,0,0,0,0,1,1,2
ipi_mx,"Industrial production index, Mexico",Monthly,index 2015 = 100,OECD,n,y,growthr,https://stats.oecd.org/restsdmx/sdmx.ashx/GetData/MEI/FRA+DEU+ITA+JPN+KOR+MEX+GBR+USA+RUS+CAN+ESP+OECD.PRMNTO01.IXOBSA.M/all?startTime=,2,1,0,0,0,0,1,0,0,1,0,0,7,7,0,0,1,1,2
ipi_ru,"Industrial production index, Russian Federation",Monthly,index 2015 = 100,OECD,n,y,growthr,https://stats.oecd.org/restsdmx/sdmx.ashx/GetData/MEI/FRA+DEU+ITA+JPN+KOR+MEX+GBR+USA+RUS+CAN+ESP+OECD.PRMNTO01.IXOBSA.M/all?startTime=,2,1,0,0,0,0,1,0,0,1,4,4,0,0,0,0,1,1,2
ipi_ca,"Industrial production index, Canada",Monthly,index 2015 = 100,OECD,n,y,growthr,https://stats.oecd.org/restsdmx/sdmx.ashx/GetData/MEI/FRA+DEU+ITA+JPN+KOR+MEX+GBR+USA+RUS+CAN+ESP+OECD.PRMNTO01.IXOBSA.M/all?startTime=,2,1,0,0,0,0,1,0,1,0,0,0,0,0,0,0,1,1,2
ipi_es,"Industrial production index, Spain",Monthly,index 2015 = 100,OECD,n,y,growthr,https://stats.oecd.org/restsdmx/sdmx.ashx/GetData/MEI/FRA+DEU+ITA+JPN+KOR+MEX+GBR+USA+RUS+CAN+ESP+OECD.PRMNTO01.IXOBSA.M/all?startTime=,2,1,0,0,0,0,1,0,1,0,0,0,0,0,0,0,1,1,2
ipi_oecd,"Industrial production index, OECD",Monthly,index 2015 = 100,OECD,n,y,growthr,https://stats.oecd.org/restsdmx/sdmx.ashx/GetData/MEI/FRA+DEU+ITA+JPN+KOR+MEX+GBR+USA+RUS+CAN+ESP+OECD.PRMNTO01.IXOBSA.M/all?startTime=,2,1,0,0,0,0,1,0,1,0,0,0,0,0,0,0,1,1,2
rti_val_us,"Retail trade index, values, United States",Monthly,index 2015 = 100,OECD,n,y,growthr,https://stats.oecd.org/restsdmx/sdmx.ashx/GetData/MEI/CAN+FRA+DEU+ITA+JPN+GBR+USA+ESP.SLRTTO02.IXOBSA.M/all?startTime=,3,1,0,0,0,0,1,0,1,0,0,0,11,11,0,0,1,1,2
rti_val_jp,"Retail trade index, values, Japan",Monthly,index 2015 = 100,OECD,n,y,growthr,https://stats.oecd.org/restsdmx/sdmx.ashx/GetData/MEI/CAN+FRA+DEU+ITA+JPN+GBR+USA+ESP.SLRTTO02.IXOBSA.M/all?startTime=,3,1,0,0,0,0,1,0,1,0,0,0,0,0,0,0,1,1,2
rti_val_de,"Retail trade index, values, Germany",Monthly,index 2015 = 100,OECD,n,y,growthr,https://stats.oecd.org/restsdmx/sdmx.ashx/GetData/MEI/CAN+FRA+DEU+ITA+JPN+GBR+USA+ESP.SLRTTO02.IXOBSA.M/all?startTime=,3,1,0,0,0,0,1,0,1,0,0,0,0,0,0,0,1,1,2
rti_val_uk,"Retail trade index, values, United Kingdom",Monthly,index 2015 = 100,OECD,n,y,growthr,https://stats.oecd.org/restsdmx/sdmx.ashx/GetData/MEI/CAN+FRA+DEU+ITA+JPN+GBR+USA+ESP.SLRTTO02.IXOBSA.M/all?startTime=,3,1,0,0,0,0,1,0,1,0,0,0,0,0,0,0,1,1,2
rti_val_fr,"Retail trade index, values, France",Monthly,index 2015 = 100,OECD,n,y,growthr,https://stats.oecd.org/restsdmx/sdmx.ashx/GetData/MEI/CAN+FRA+DEU+ITA+JPN+GBR+USA+ESP.SLRTTO02.IXOBSA.M/all?startTime=,3,1,0,0,0,0,1,0,1,0,0,0,0,0,9,9,1,1,2
rti_val_it,"Retail trade index, values, Italy",Monthly,index 2015 = 100,OECD,n,y,growthr,https://stats.oecd.org/restsdmx/sdmx.ashx/GetData/MEI/CAN+FRA+DEU+ITA+JPN+GBR+USA+ESP.SLRTTO02.IXOBSA.M/all?startTime=,3,1,0,0,0,0,1,0,1,0,0,0,0,0,0,0,1,1,2
rti_val_es,"Retail trade index, values, Spain",Monthly,index 2015 = 100,OECD,n,y,growthr,https://stats.oecd.org/restsdmx/sdmx.ashx/GetData/MEI/CAN+FRA+DEU+ITA+JPN+GBR+USA+ESP.SLRTTO02.IXOBSA.M/all?startTime=,3,1,0,0,0,0,1,0,1,0,0,0,0,0,18,18,1,1,2
rti_val_ca,"Retail trade index, values, Canada",Monthly,index 2015 = 100,OECD,n,y,growthr,https://stats.oecd.org/restsdmx/sdmx.ashx/GetData/MEI/CAN+FRA+DEU+ITA+JPN+GBR+USA+ESP.SLRTTO02.IXOBSA.M/all?startTime=,3,1,0,0,0,0,1,0,1,0,0,0,0,0,0,0,1,1,2
rti_vol_us,"Retail trade index, volumes, United States",Monthly,index 2015 = 100,OECD,n,y,growthr,https://stats.oecd.org/restsdmx/sdmx.ashx/GetData/MEI/CAN+FRA+DEU+ITA+JPN+GBR+USA+OECD+BRA+MEX+ESP+KOR.SLRTTO01.IXOBSA.M/all?startTime=,4,1,0,0,0,0,1,0,1,0,0,0,15,15,0,0,1,1,2
rti_vol_jp,"Retail trade index, volumes, Japan",Monthly,index 2015 = 100,OECD,n,y,growthr,https://stats.oecd.org/restsdmx/sdmx.ashx/GetData/MEI/CAN+FRA+DEU+ITA+JPN+GBR+USA+OECD+BRA+MEX+ESP+KOR.SLRTTO01.IXOBSA.M/all?startTime=,4,1,0,0,0,0,1,0,1,0,0,0,0,0,0,0,1,1,2
rti_vol_de,"Retail trade index, volumes, Germany",Monthly,index 2015 = 100,OECD,n,y,growthr,https://stats.oecd.org/restsdmx/sdmx.ashx/GetData/MEI/CAN+FRA+DEU+ITA+JPN+GBR+USA+OECD+BRA+MEX+ESP+KOR.SLRTTO01.IXOBSA.M/all?startTime=,4,1,0,0,0,0,1,0,1,0,0,0,0,0,0,0,1,1,2
rti_vol_uk,"Retail trade index, volumes, United Kingdom",Monthly,index 2015 = 100,OECD,n,y,growthr,https://stats.oecd.org/restsdmx/sdmx.ashx/GetData/MEI/CAN+FRA+DEU+ITA+JPN+GBR+USA+OECD+BRA+MEX+ESP+KOR.SLRTTO01.IXOBSA.M/all?startTime=,4,1,0,0,0,0,1,0,1,0,0,0,0,0,0,0,1,1,2
rti_vol_fr,"Retail trade index, volumes, France",Monthly,index 2015 = 100,OECD,n,y,growthr,https://stats.oecd.org/restsdmx/sdmx.ashx/GetData/MEI/CAN+FRA+DEU+ITA+JPN+GBR+USA+OECD+BRA+MEX+ESP+KOR.SLRTTO01.IXOBSA.M/all?startTime=,4,1,0,0,0,0,1,0,1,0,8,8,0,0,0,0,1,1,2
rti_vol_it,"Retail trade index, volumes, Italy",Monthly,index 2015 = 100,OECD,n,y,growthr,https://stats.oecd.org/restsdmx/sdmx.ashx/GetData/MEI/CAN+FRA+DEU+ITA+JPN+GBR+USA+OECD+BRA+MEX+ESP+KOR.SLRTTO01.IXOBSA.M/all?startTime=,4,1,0,0,0,0,1,0,1,0,0,0,0,0,0,0,1,1,2
rti_vol_mx,"Retail trade index, volumes, Mexico",Monthly,index 2015 = 100,OECD,n,y,growthr,https://stats.oecd.org/restsdmx/sdmx.ashx/GetData/MEI/CAN+FRA+DEU+ITA+JPN+GBR+USA+OECD+BRA+MEX+ESP+KOR.SLRTTO01.IXOBSA.M/all?startTime=,4,1,0,0,0,0,1,0,0,1,0,0,0,0,0,0,1,1,2
rti_vol_br,"Retail trade index, volumes, Brazil",Monthly,index 2015 = 100,OECD,n,y,growthr,https://stats.oecd.org/restsdmx/sdmx.ashx/GetData/MEI/CAN+FRA+DEU+ITA+JPN+GBR+USA+OECD+BRA+MEX+ESP+KOR.SLRTTO01.IXOBSA.M/all?startTime=,4,1,0,0,0,0,1,0,0,1,0,0,0,0,0,0,1,1,2
rti_vol_es,"Retail trade index, volumes, Spain",Monthly,index 2015 = 100,OECD,n,y,growthr,https://stats.oecd.org/restsdmx/sdmx.ashx/GetData/MEI/CAN+FRA+DEU+ITA+JPN+GBR+USA+OECD+BRA+MEX+ESP+KOR.SLRTTO01.IXOBSA.M/all?startTime=,4,1,0,0,0,0,1,0,1,0,0,0,0,0,0,0,1,1,2
rti_vol_ca,"Retail trade index, volumes, Canada",Monthly,index 2015 = 100,OECD,n,y,growthr,https://stats.oecd.org/restsdmx/sdmx.ashx/GetData/MEI/CAN+FRA+DEU+ITA+JPN+GBR+USA+OECD+BRA+MEX+ESP+KOR.SLRTTO01.IXOBSA.M/all?startTime=,4,1,0,0,0,0,1,0,1,0,0,0,0,0,0,0,1,1,2
rti_vol_kr,"Retail trade index, volumes, South Korea",Monthly,index 2015 = 100,OECD,n,y,growthr,https://stats.oecd.org/restsdmx/sdmx.ashx/GetData/MEI/CAN+FRA+DEU+ITA+JPN+GBR+USA+OECD+BRA+MEX+ESP+KOR.SLRTTO01.IXOBSA.M/all?startTime=,4,1,0,0,0,0,1,0,0,1,0,0,0,0,0,0,1,1,2
rti_vol_oecd,"Retail trade index, volumes, OECD",Monthly,index 2015 = 100,OECD,n,y,growthr,https://stats.oecd.org/restsdmx/sdmx.ashx/GetData/MEI/CAN+FRA+DEU+ITA+JPN+GBR+USA+OECD+BRA+MEX+ESP+KOR.SLRTTO01.IXOBSA.M/all?startTime=,4,1,0,0,0,0,1,0,1,0,0,0,0,0,0,0,1,1,2
constr_us,"Construction index, United States",Monthly,index 2015 = 100,OECD,n,y,growthr,https://stats.oecd.org/restsdmx/sdmx.ashx/GetData/MEI/USA+JPN+DEU+GBR+FRA+CAN+OECD.PRCNTO01.IXOBSA.M/all?startTime=,5,1,0,0,0,0,1,0,1,0,0,0,0,0,0,0,1,1,2
constr_jp,"Construction index, Japan",Monthly,index 2015 = 100,OECD,n,y,growthr,https://stats.oecd.org/restsdmx/sdmx.ashx/GetData/MEI/USA+JPN+DEU+GBR+FRA+CAN+OECD.PRCNTO01.IXOBSA.M/all?startTime=,5,1,0,0,0,0,1,0,1,0,0,0,0,0,0,0,1,1,2
constr_de,"Construction index, Germany",Monthly,index 2015 = 100,OECD,n,y,growthr,https://stats.oecd.org/restsdmx/sdmx.ashx/GetData/MEI/USA+JPN+DEU+GBR+FRA+CAN+OECD.PRCNTO01.IXOBSA.M/all?startTime=,5,1,0,0,0,0,1,0,1,0,0,0,0,0,0,0,1,1,2
constr_uk,"Construction index, United Kingdom",Monthly,index 2015 = 100,OECD,n,y,growthr,https://stats.oecd.org/restsdmx/sdmx.ashx/GetData/MEI/USA+JPN+DEU+GBR+FRA+CAN+OECD.PRCNTO01.IXOBSA.M/all?startTime=,5,1,0,0,0,0,1,0,1,0,0,0,0,0,0,0,1,1,2
constr_fr,"Construction index, France",Monthly,index 2015 = 100,OECD,n,y,growthr,https://stats.oecd.org/restsdmx/sdmx.ashx/GetData/MEI/USA+JPN+DEU+GBR+FRA+CAN+OECD.PRCNTO01.IXOBSA.M/all?startTime=,5,1,0,0,0,0,1,0,1,0,0,0,0,0,0,0,1,1,2
constr_ca,"Construction index, Canada",Monthly,index 2015 = 100,OECD,n,y,growthr,https://stats.oecd.org/restsdmx/sdmx.ashx/GetData/MEI/USA+JPN+DEU+GBR+FRA+CAN+OECD.PRCNTO01.IXOBSA.M/all?startTime=,5,1,0,0,0,0,1,0,1,0,9,9,0,0,0,0,1,1,2
constr_oecd,"Construction index, OECD",Monthly,index 2015 = 100,OECD,n,y,growthr,https://stats.oecd.org/restsdmx/sdmx.ashx/GetData/MEI/USA+JPN+DEU+GBR+FRA+CAN+OECD.PRCNTO01.IXOBSA.M/all?startTime=,5,1,0,0,0,0,1,0,1,0,0,0,0,0,0,0,1,1,2
x_servs_oecd,"Exports of services, OECD",Quarterly,"index, normal = 100",OECD,n,y,growthr,https://stats.oecd.org/restsdmx/sdmx.ashx/GetData/MEI_BOP6/B6CRSE01.OECD.CXCUSA.Q/all?startTime=,6,1,0,0,0,1,0,0,1,0,0,0,0,0,0,0,1,1,2
fdi_world,"FDI financial flows, inwards, world",Quarterly,"index, normal = 100",OECD,n,n,growthr,https://stats.oecd.org/restsdmx/sdmx.ashx/GetData/FDI_AGGR_SUMM/OECD+WLD.USD.DI.T_FA_F/all?startTime=,7,1,0,0,0,0,1,0,1,1,0,0,0,0,0,0,1,1,2
fdi_oecd,"FDI financial flows, inwards, OECD",Quarterly,"index, normal = 100",OECD,n,n,growthr,https://stats.oecd.org/restsdmx/sdmx.ashx/GetData/FDI_AGGR_SUMM/OECD+WLD.USD.DI.T_FA_F/all?startTime=,7,1,0,0,0,0,1,0,1,0,0,0,0,0,0,0,1,1,2
cci_us,"Consumer confidence index, United States",Monthly,"index, normal = 100",OECD,n,y,growthr,https://stats.oecd.org/restsdmx/sdmx.ashx/GetData/MEI/DEU+JPN+GBR+USA+OECD+CHN+FRA+BRA+KOR.CSCICP03.IXNSA.M/all?startTime=,8,1,0,0,0,0,0,1,1,0,0,0,0,0,0,0,1,1,2
cci_cn,"Consumer confidence index, China",Monthly,"index, normal = 100",OECD,n,y,growthr,https://stats.oecd.org/restsdmx/sdmx.ashx/GetData/MEI/DEU+JPN+GBR+USA+OECD+CHN+FRA+BRA+KOR.CSCICP03.IXNSA.M/all?startTime=,8,1,0,0,0,0,0,1,0,1,0,0,0,0,0,0,1,1,2
cci_de,"Consumer confidence index, Germany",Monthly,"index, normal = 100",OECD,n,y,growthr,https://stats.oecd.org/restsdmx/sdmx.ashx/GetData/MEI/DEU+JPN+GBR+USA+OECD+CHN+FRA+BRA+KOR.CSCICP03.IXNSA.M/all?startTime=,8,1,0,0,0,0,0,1,1,0,0,0,0,0,0,0,1,1,2
cci_jp,"Consumer confidence index, Japan",Monthly,"index, normal = 100",OECD,n,y,growthr,https://stats.oecd.org/restsdmx/sdmx.ashx/GetData/MEI/DEU+JPN+GBR+USA+OECD+CHN+FRA+BRA+KOR.CSCICP03.IXNSA.M/all?startTime=,8,1,0,0,0,0,0,1,1,0,0,0,0,0,0,0,1,1,2
cci_uk,"Consumer confidence index, United Kingdom",Monthly,"index, normal = 100",OECD,n,y,growthr,https://stats.oecd.org/restsdmx/sdmx.ashx/GetData/MEI/DEU+JPN+GBR+USA+OECD+CHN+FRA+BRA+KOR.CSCICP03.IXNSA.M/all?startTime=,8,1,0,0,0,0,0,1,1,0,0,0,0,0,0,0,1,1,2
cci_fr,"Consumer confidence index, France",Monthly,"index, normal = 100",OECD,n,y,growthr,https://stats.oecd.org/restsdmx/sdmx.ashx/GetData/MEI/DEU+JPN+GBR+USA+OECD+CHN+FRA+BRA+KOR.CSCICP03.IXNSA.M/all?startTime=,8,1,0,0,0,0,0,1,1,0,0,0,0,0,0,0,1,1,2
cci_br,"Consumer confidence index, Brazil",Monthly,"index, normal = 100",OECD,n,y,growthr,https://stats.oecd.org/restsdmx/sdmx.ashx/GetData/MEI/DEU+JPN+GBR+USA+OECD+CHN+FRA+BRA+KOR.CSCICP03.IXNSA.M/all?startTime=,8,1,0,0,0,0,0,1,0,1,0,0,0,0,17,17,1,1,2
cci_kr,"Consumer confidence index, South Korea",Monthly,"index, normal = 100",OECD,n,y,growthr,https://stats.oecd.org/restsdmx/sdmx.ashx/GetData/MEI/DEU+JPN+GBR+USA+OECD+CHN+FRA+BRA+KOR.CSCICP03.IXNSA.M/all?startTime=,8,1,0,0,0,0,0,1,0,1,0,0,0,0,0,0,1,1,2
cci_oecd,"Consumer confidence index, OECD",Monthly,"index, normal = 100",OECD,n,y,growthr,https://stats.oecd.org/restsdmx/sdmx.ashx/GetData/MEI/DEU+JPN+GBR+USA+OECD+CHN.CSCICP03.IXNSA.M/all?startTime=,8,1,0,0,0,0,0,1,1,0,0,0,0,0,0,0,1,1,2
bci_us,"Business confidence index, United States",Monthly,"index, normal = 100",OECD,n,y,growthr,https://stats.oecd.org/restsdmx/sdmx.ashx/GetData/MEI/DEU+JPN+NLD+GBR+USA+OECD+CHN+FRA+BRA+KOR.BSCICP03.IXNSA.M/all?startTime=,9,1,0,0,0,0,0,1,1,0,0,0,0,0,0,0,1,1,2
bci_cn,"Business confidence index, China",Monthly,"index, normal = 100",OECD,n,y,growthr,https://stats.oecd.org/restsdmx/sdmx.ashx/GetData/MEI/DEU+JPN+NLD+GBR+USA+OECD+CHN+FRA+BRA+KOR.BSCICP03.IXNSA.M/all?startTime=,9,1,0,0,0,0,0,1,0,1,0,0,0,0,0,0,1,1,2
bci_de,"Business confidence index, Germany",Monthly,"index, normal = 100",OECD,n,y,growthr,https://stats.oecd.org/restsdmx/sdmx.ashx/GetData/MEI/DEU+JPN+NLD+GBR+USA+OECD+CHN+FRA+BRA+KOR.BSCICP03.IXNSA.M/all?startTime=,9,1,0,0,0,0,0,1,1,0,0,0,0,0,0,0,1,1,2
bci_jp,"Business confidence index, Japan",Monthly,"index, normal = 100",OECD,n,y,growthr,https://stats.oecd.org/restsdmx/sdmx.ashx/GetData/MEI/DEU+JPN+NLD+GBR+USA+OECD+CHN+FRA+BRA+KOR.BSCICP03.IXNSA.M/all?startTime=,9,1,0,0,0,0,0,1,1,0,15,15,0,0,0,0,1,1,2
bci_uk,"Business confidence index, United Kingdom",Monthly,"index, normal = 100",OECD,n,y,growthr,https://stats.oecd.org/restsdmx/sdmx.ashx/GetData/MEI/DEU+JPN+NLD+GBR+USA+OECD+CHN+FRA+BRA+KOR.BSCICP03.IXNSA.M/all?startTime=,9,1,0,0,0,0,0,1,1,0,0,0,0,0,0,0,1,1,2
bci_fr,"Business confidence index, France",Monthly,"index, normal = 100",OECD,n,y,growthr,https://stats.oecd.org/restsdmx/sdmx.ashx/GetData/MEI/DEU+JPN+NLD+GBR+USA+OECD+CHN+FRA+BRA+KOR.BSCICP03.IXNSA.M/all?startTime=,9,1,0,0,0,0,0,1,1,0,0,0,0,0,0,0,1,1,2
bci_br,"Business confidence index, Brazil",Monthly,"index, normal = 100",OECD,n,y,growthr,https://stats.oecd.org/restsdmx/sdmx.ashx/GetData/MEI/DEU+JPN+NLD+GBR+USA+OECD+CHN+FRA+BRA+KOR.BSCICP03.IXNSA.M/all?startTime=,9,1,0,0,0,0,0,1,0,1,0,0,0,0,0,0,1,1,2
bci_kr,"Business confidence index, South Korea",Monthly,"index, normal = 100",OECD,n,y,growthr,https://stats.oecd.org/restsdmx/sdmx.ashx/GetData/MEI/DEU+JPN+NLD+GBR+USA+OECD+CHN+FRA+BRA+KOR.BSCICP03.IXNSA.M/all?startTime=,9,1,0,0,0,0,0,1,0,1,0,0,0,0,0,0,1,1,2
bci_nl,"Business confidence index, Netherlands",Monthly,"index, normal = 100",OECD,n,y,growthr,https://stats.oecd.org/restsdmx/sdmx.ashx/GetData/MEI/DEU+JPN+NLD+GBR+USA+OECD+CHN.BSCICP03.IXNSA.M/all?startTime=,9,1,0,0,0,0,0,1,1,0,11,11,2,2,6,6,1,1,2
bci_oecd,"Business confidence index, OECD",Monthly,"index, normal = 100",OECD,n,y,growthr,https://stats.oecd.org/restsdmx/sdmx.ashx/GetData/MEI/DEU+JPN+NLD+GBR+USA+OECD+CHN.BSCICP03.IXNSA.M/all?startTime=,9,1,0,0,0,0,0,1,1,0,0,0,0,0,0,0,1,1,2
export_orders_us,"Manufacturing export order books, United States",Monthly,"diffusion index,  base 0",OECD,n,y,50_chg,https://stats.oecd.org/restsdmx/sdmx.ashx/GetData/MEI/FRA+DEU+ITA+NLD+GBR+USA.BSXRLV02.STSA.M/all?startTime=,10,1,1,0,0,0,0,1,1,0,0,0,0,0,0,0,1,1,2
export_orders_de,"Manufacturing export order books, Germany",Monthly,"diffusion index,  base 0",OECD,n,y,50_chg,https://stats.oecd.org/restsdmx/sdmx.ashx/GetData/MEI/FRA+DEU+ITA+NLD+GBR+USA.BSXRLV02.STSA.M/all?startTime=,10,1,1,0,0,0,0,1,1,0,16,16,0,0,0,0,1,1,2
export_orders_it,"Manufacturing export order books, Italy",Monthly,"diffusion index,  base 0",OECD,n,y,50_chg,https://stats.oecd.org/restsdmx/sdmx.ashx/GetData/MEI/FRA+DEU+ITA+NLD+GBR+USA.BSXRLV02.STSA.M/all?startTime=,10,1,1,0,0,0,0,1,1,0,0,0,0,0,16,16,1,1,2
export_orders_nl,"Manufacturing export order books, Netherlands",Monthly,"diffusion index,  base 0",OECD,n,y,50_chg,https://stats.oecd.org/restsdmx/sdmx.ashx/GetData/MEI/FRA+DEU+ITA+NLD+GBR+USA.BSXRLV02.STSA.M/all?startTime=,10,1,1,0,0,0,0,1,1,0,0,0,0,0,0,0,1,1,2
export_orders_fr,"Manufacturing export order books, France",Monthly,"diffusion index,  base 0",OECD,n,y,50_chg,https://stats.oecd.org/restsdmx/sdmx.ashx/GetData/MEI/FRA+DEU+ITA+NLD+GBR+USA.BSXRLV02.STSA.M/all?startTime=,10,1,1,0,0,0,0,1,1,0,0,0,0,0,0,0,1,1,2
export_orders_uk,"Manufacturing export order books, United Kingdom",Monthly,"diffusion index,  base 0",OECD,n,y,50_chg,https://stats.oecd.org/restsdmx/sdmx.ashx/GetData/MEI/FRA+DEU+ITA+NLD+GBR+USA.BSXRLV02.STSA.M/all?startTime=,10,1,1,0,0,0,0,1,1,0,0,0,0,0,20,20,1,1,2
manuf_orders_us,"Manufacturing order books, United States",Monthly,US$ millions,OECD,n,y,50_chg,https://stats.oecd.org/restsdmx/sdmx.ashx/GetData/MEI/DEU+NLD+GBR+USA+FRA+ITA.BSOBLV02.STSA.M/all?startTime=,11,1,0,0,0,0,1,1,1,0,0,0,0,0,0,0,1,1,2
manuf_orders_de,"Manufacturing order books, Germany",Monthly,US$ millions,OECD,n,y,50_chg,https://stats.oecd.org/restsdmx/sdmx.ashx/GetData/MEI/DEU+NLD+GBR+USA+FRA+ITA.BSOBLV02.STSA.M/all?startTime=,11,1,0,0,0,0,1,1,1,0,0,0,0,0,0,0,1,1,2
manuf_orders_uk,"Manufacturing order books, United Kingdom",Monthly,US$ millions,OECD,n,y,50_chg,https://stats.oecd.org/restsdmx/sdmx.ashx/GetData/MEI/DEU+NLD+GBR+USA+FRA+ITA.BSOBLV02.STSA.M/all?startTime=,11,1,0,0,0,0,1,1,1,0,0,0,0,0,0,0,1,1,2
manuf_orders_nl,"Manufacturing order books, Netherlands",Monthly,US$ millions,OECD,n,y,50_chg,https://stats.oecd.org/restsdmx/sdmx.ashx/GetData/MEI/DEU+NLD+GBR+USA+FRA+ITA.BSOBLV02.STSA.M/all?startTime=,11,1,0,0,0,0,1,1,1,0,0,0,6,6,0,0,1,1,2
manuf_orders_fr,"Manufacturing order books, France",Monthly,US$ millions,OECD,n,y,50_chg,https://stats.oecd.org/restsdmx/sdmx.ashx/GetData/MEI/DEU+NLD+GBR+USA+FRA+ITA.BSOBLV02.STSA.M/all?startTime=,11,1,0,0,0,0,1,1,1,0,0,0,0,0,0,0,1,1,2
manuf_orders_it,"Manufacturing order books, Italy",Monthly,US$ millions,OECD,n,y,50_chg,https://stats.oecd.org/restsdmx/sdmx.ashx/GetData/MEI/DEU+NLD+GBR+USA+FRA+ITA.BSOBLV02.STSA.M/all?startTime=,11,1,0,0,0,0,1,1,1,0,0,0,0,0,15,15,1,1,2
x_servs_de,"Exports of services, Germany",Monthly,€ millions,Eurostat,n,n,growthr,http://ec.europa.eu/eurostat/SDMX/diss-web/rest/data/bop_c6_m/.MIO_EUR.S.S1.S1.CRE.WRL_REST.DE+FR.?startPeriod=,12,1,0,0,0,1,0,0,1,0,0,0,0,0,0,0,1,1,2
x_servs_fr,"Exports of services, France",Monthly,€ millions,Eurostat,n,n,growthr,http://ec.europa.eu/eurostat/SDMX/diss-web/rest/data/bop_c6_m/.MIO_EUR.S.S1.S1.CRE.WRL_REST.DE+FR.?startPeriod=,12,1,0,0,0,1,0,0,1,0,0,0,0,0,0,0,1,1,2
ipi_eu27,"Industrial production index, EU27",Monthly,index 2015 = 100,Eurostat,n,y,growthr,http://ec.europa.eu/eurostat/SDMX/diss-web/rest/data/sts_inpr_m/.PROD.C.SCA.I15.EU27_2020?startPeriod=,13,1,0,0,0,0,1,0,1,0,0,0,0,0,12,12,1,1,2
is_fr,"Services production index, France",Monthly,index 2015 = 100,Eurostat,n,y,growthr,http://ec.europa.eu/eurostat/SDMX/diss-web/rest/data/sts_sepr_m/.PROD.G-N_STS.SCA.I15.FR?startPeriod=,14,1,0,0,0,0,1,0,1,0,0,0,0,0,0,0,1,1,2
mar_freight_de,"Goods volume transported by main ports, Germany",Quarterly,NA,Eurostat,n,n,growthr,http://ec.europa.eu/eurostat/SDMX/diss-web/rest/data/mar_go_qm/.TOTAL.TOTAL.THS_T.DE+NL?startPeriod=,15,1,0,1,1,0,1,0,1,0,0,0,0,0,0,0,1,1,2
mar_freight_nl,"Goods volume transported by main ports, Netherlands",Quarterly,NA,Eurostat,n,n,growthr,http://ec.europa.eu/eurostat/SDMX/diss-web/rest/data/mar_go_qm/.TOTAL.TOTAL.THS_T.DE+NL?startPeriod=,15,1,0,1,1,0,1,0,1,0,0,0,0,0,0,0,1,1,2
tourists_de,"Tourist arrivals, Germany",Monthly,persons,Eurostat,n,n,growthr,http://ec.europa.eu/eurostat/SDMX/diss-web/rest/data/tour_occ_arm/.FOR.NR.I551-I553.DE+ES+FR+IT+UK?startPeriod=,16,1,0,0,0,1,0,0,1,0,0,0,0,0,0,0,1,1,2
tourists_es,"Tourist arrivals, Spain",Monthly,persons,Eurostat,n,n,growthr,http://ec.europa.eu/eurostat/SDMX/diss-web/rest/data/tour_occ_arm/.FOR.NR.I551-I553.DE+ES+FR+IT+UK?startPeriod=,16,1,0,0,0,1,0,0,1,0,0,0,0,0,0,0,1,1,2
tourists_fr,"Tourist arrivals, France",Monthly,persons,Eurostat,n,n,growthr,http://ec.europa.eu/eurostat/SDMX/diss-web/rest/data/tour_occ_arm/.FOR.NR.I551-I553.DE+ES+FR+IT+UK?startPeriod=,16,1,0,0,0,1,0,0,1,0,0,0,0,0,0,0,1,1,2
tourists_it,"Tourist arrivals, Italy",Monthly,persons,Eurostat,n,n,growthr,http://ec.europa.eu/eurostat/SDMX/diss-web/rest/data/tour_occ_arm/.FOR.NR.I551-I553.DE+ES+FR+IT+UK?startPeriod=,16,1,0,0,0,1,0,0,1,0,0,0,0,0,0,0,1,1,2
tourists_uk,"Tourist arrivals, United Kingdom",Monthly,persons,Eurostat,n,n,growthr,http://ec.europa.eu/eurostat/SDMX/diss-web/rest/data/tour_occ_arm/.FOR.NR.I551-I553.DE+ES+FR+IT+UK?startPeriod=,16,1,0,0,0,1,0,0,1,0,0,0,0,0,0,0,1,1,2
coincident_us,"Coincident economic activitiy index, United States",Monthly,index 2007 = 100,FRED,n,y,growthr,https://api.stlouisfed.org/fred/series/observations?series_id=USPHCI&api_key=2de1403493a03c96c5af253fca05abd2&file_type=json,17,1,0,0,0,0,1,0,1,0,0,0,0,0,0,0,1,1,2
x_servs_us,"Exports of services, United States",Monthly,US$ millions,FRED,n,y,growthr,https://api.stlouisfed.org/fred/series/observations?series_id=BOPSEXP&api_key=2de1403493a03c96c5af253fca05abd2&file_type=json,18,1,0,0,0,1,0,0,1,0,0,0,0,0,4,4,1,1,2
manuf_shipments_us,"Manufacturers' shipments, United States",Monthly,US$ millions,FRED,n,y,growthr,https://api.stlouisfed.org/fred/series/observations?series_id=AMTMVS&api_key=2de1403493a03c96c5af253fca05abd2&file_type=json,19,1,1,0,0,0,0,1,1,0,0,0,0,0,0,0,1,1,2
manuf_orders_us_2,"Manufacturers' new orders, United States",Monthly,US$ millions,FRED,n,y,growthr,https://api.stlouisfed.org/fred/series/observations?series_id=AMXDNO&api_key=2de1403493a03c96c5af253fca05abd2&file_type=json,20,1,1,0,0,0,0,1,1,0,0,0,8,8,8,8,1,1,2
adv_rti_us,Advanced retail sales,Monthly,US$ millions,FRED,n,y,growthr,https://api.stlouisfed.org/fred/series/observations?series_id=RSXFS&api_key=2de1403493a03c96c5af253fca05abd2&file_type=json,21,1,0,0,0,0,1,1,1,0,0,0,0,0,0,0,1,1,2
x_servs_cn,"Exports of services, China",Quarterly,US$ millions,IMF,n,n,growthr,BXS_BP6_USD,22,1,0,0,0,1,0,0,0,1,0,0,0,0,0,0,1,1,2
x_servs_sg,"Exports of services, Singapore",Quarterly,US$ millions,IMF,n,n,growthr,BXS_BP6_USD,22,1,0,0,0,1,0,0,0,1,0,0,0,0,21,21,1,1,2
x_cn_2,"Merchandise exports, China",Monthly,US$ thousands,NBS,n,n,growthr,"http://data.stats.gov.cn/english/easyquery.htm?m=QueryData&dbcode=hgyd&rowcode=zb&colcode=sj&wds=[]&dfwds=[{""wdcode"":""sj"",""valuecode"":""START_YEAR-2030""},{""wdcode"":""zb"",""valuecode"":""A0801""}]-FILTER-A080105",23,1,1,0,0,0,0,0,0,1,0,0,0,0,0,0,1,1,2
constr_cn,"Development and sale of real estate, China",Monthly,10000 sq meters,NBS,y,y,growthr-yoy,"http://data.stats.gov.cn/english/easyquery.htm?m=QueryData&dbcode=hgyd&rowcode=zb&colcode=sj&wds=[]&dfwds=[{""wdcode"":""sj"",""valuecode"":""START_YEAR-2030""},{""wdcode"":""zb"",""valuecode"":""A0603""}]-FILTER-A060301",24,1,0,0,0,0,1,0,0,1,0,0,0,0,0,0,1,1,2
freight_mar_cn,"Volume of freight handled by main coastal ports, China",Monthly,10000 tons,NBS,y,n,growthr,"http://data.stats.gov.cn/english/easyquery.htm?m=QueryData&dbcode=hgyd&rowcode=zb&colcode=sj&wds=[]&dfwds=[{""wdcode"":""sj"",""valuecode"":""START_YEAR-2030""},{""wdcode"":""zb"",""valuecode"":""A0906""}]-FILTER-A09060A",25,1,0,1,1,1,0,0,0,1,0,0,0,0,0,0,1,1,2
freight_mar_cn,"Volume of freight handled by main coastal ports, China",Monthly,10000 tons,NBS,y,n,growthr,"http://data.stats.gov.cn/english/easyquery.htm?m=QueryData&dbcode=hgyd&rowcode=zb&colcode=sj&wds=[]&dfwds=[{""wdcode"":""sj"",""valuecode"":""START_YEAR-2030""},{""wdcode"":""zb"",""valuecode"":""A0905""}]-FILTER-A090502",25b,1,0,1,1,1,0,0,0,1,0,0,0,0,0,0,1,1,2
ipi_cn,"Industrial production index, China",Monthly,y-o-y growth rates,NBS,n,y,linear,"http://data.stats.gov.cn/english/easyquery.htm?m=QueryData&dbcode=hgyd&rowcode=zb&colcode=sj&wds=[]&dfwds=[{""wdcode"":""sj"",""valuecode"":""START_YEAR-2030""},{""wdcode"":""zb"",""valuecode"":""A0201""}]-FILTER-A020101",26,1,0,0,0,0,1,0,0,1,0,0,0,0,0,0,1,1,2
rti_cn,"Retail sales (consumer goods) index, China",Monthly,y-o-y growth rates,NBS,n,y,linear,"http://data.stats.gov.cn/english/easyquery.htm?m=QueryData&dbcode=hgyd&rowcode=zb&colcode=sj&wds=[]&dfwds=[{""wdcode"":""sj"",""valuecode"":""START_YEAR-2030""},{""wdcode"":""zb"",""valuecode"":""A0701""}]-FILTER-A070103",27,1,0,0,0,0,1,0,0,1,0,0,0,0,0,0,1,1,2
pmi_manuf_cn,"Manufacturing purchaser managers' index, China",Monthly,index,NBS,n,y,chg,"http://data.stats.gov.cn/english/easyquery.htm?m=QueryData&dbcode=hgyd&rowcode=zb&colcode=sj&wds=[]&dfwds=[{""wdcode"":""sj"",""valuecode"":""START_YEAR-2030""},{""wdcode"":""zb"",""valuecode"":""A0B01""}]-FILTER-A0B0101",28,1,0,0,0,0,0,1,0,1,0,0,0,0,0,0,1,1,2
export_orders_cn,"New export orders, China",Monthly,index,NBS,n,y,chg,"http://data.stats.gov.cn/english/easyquery.htm?m=QueryData&dbcode=hgyd&rowcode=zb&colcode=sj&wds=[]&dfwds=[{""wdcode"":""sj"",""valuecode"":""START_YEAR-2030""},{""wdcode"":""zb"",""valuecode"":""A0B01""}]-FILTER-A0B0104",29,1,1,0,0,0,0,1,0,1,0,0,0,0,0,0,1,1,2
pmi_nm_cn2,"Non-manufacturing purchaser managers' index, China",Monthly,index,NBS,n,y,chg,"http://data.stats.gov.cn/english/easyquery.htm?m=QueryData&dbcode=hgyd&rowcode=zb&colcode=sj&wds=[]&dfwds=[{""wdcode"":""sj"",""valuecode"":""START_YEAR-2030""},{""wdcode"":""zb"",""valuecode"":""A0B02""}]-FILTER-A0B0201",30,1,0,0,0,0,0,1,0,1,0,0,0,0,0,0,1,1,2
pmi_total_cn,"Comprehensive PMI output index, China",Monthly,index,NBS,n,y,chg,"http://data.stats.gov.cn/english/easyquery.htm?m=QueryData&dbcode=hgyd&rowcode=zb&colcode=sj&wds=[]&dfwds=[{""wdcode"":""sj"",""valuecode"":""START_YEAR-2030""},{""wdcode"":""zb"",""valuecode"":""A0B03""}]-FILTER-A0B0301",31,1,0,0,0,0,0,1,0,1,0,0,0,0,0,0,1,1,2
is_cn,"Index of service production, China",Monthly,y-o-y growth rates,NBS,n,y,linear,"http://data.stats.gov.cn/english/easyquery.htm?m=QueryData&dbcode=hgyd&rowcode=zb&colcode=sj&wds=[]&dfwds=[{""wdcode"":""sj"",""valuecode"":""START_YEAR-2030""},{""wdcode"":""zb"",""valuecode"":""A0501""}]-FILTER-A050101",32,1,0,0,0,0,1,0,0,1,0,0,0,0,0,0,1,1,2
x_hk,"Merchandise exports, Hong Kong",Monthly,million HK$,HK NSO,n,n,growthr,"https://tradeidds.censtatd.gov.hk/api/get?lang=EN&sv=VCM&freq=M&period=201201,LAST_DATE&ttype=4",33,1,1,0,0,0,0,0,0,1,0,0,0,0,0,0,1,1,2
x_servs_jp,"Exports of services, Japon",Monthly,100 million JPY,BOJ,n,n,growthr,https://www.stat-search.boj.or.jp/info/bp_m_en.zip,34,1,0,0,0,1,0,0,1,0,0,0,17,17,0,0,1,1,2
ind_orders_ez,"Industial new orders, euro area",Monthly,index,ECB,n,y,growthr,https://sdw-wsrest.ecb.europa.eu/service/data/STS/M.I7.Y.ORDT.NSC002.3.000?format=genericdata,35,1,0,0,0,0,1,1,1,0,0,0,0,0,0,0,1,1,2
x_servs_ez,"Exports of services, euro area (EZ19)",Monthly,€ millions,ECB,n,y,growthr,https://sdw-wsrest.ecb.europa.eu/service/data/BP6/M.Y.I8.W1.S1.S1.T.C.S._Z._Z._Z.EUR._T._X.N?format=genericdata,36,1,0,0,0,1,0,0,1,0,12,12,0,0,0,0,1,1,2
p_manuf,Export prices of manufactures,Monthly,index,WTO,n,n,growthr,https://api.wto.org/timeseries/v1/data?i=ITS_MTP_MXPM&r=000&pc=MA&ps=START_YEAR-END_YEAR&subscription-key=3af1b3ff4ff04e4c9646ce6e80141a62,37,1,1,0,0,0,0,0,1,1,0,0,0,0,5,5,1,1,2
x_world,Total merchandise exports,Quarterly,million US$,WTO,n,n,growthr,https://api.wto.org/timeseries/v1/data?i=ITS_MTV_QX&r=000&p=000&pc=TO&ps=START_YEAR-END_YEAR&subscription-key=3af1b3ff4ff04e4c9646ce6e80141a62,38,1,1,0,0,0,0,0,1,1,1,1,16,16,19,19,1,1,2
x_vol_world,"Export volumes, world",Monthly,index,CPB,n,y,growthr,https://www.cpb.nl/sites/default/files/wtmonitor/cpb-data-wtm.xlsx,39,1,0,1,0,0,0,0,1,1,0,0,0,0,0,0,1,1,2
x_vol_us,"Export volumes, United States",Monthly,index,CPB,n,y,growthr,https://www.cpb.nl/sites/default/files/wtmonitor/cpb-data-wtm.xlsx,39,1,0,1,0,0,0,0,1,0,0,0,0,0,0,0,1,1,2
x_vol_jp,"Export volumes, Japan",Monthly,index,CPB,n,y,growthr,https://www.cpb.nl/sites/default/files/wtmonitor/cpb-data-wtm.xlsx,39,1,0,1,0,0,0,0,1,0,0,0,3,3,0,0,1,1,2
x_vol_ez,"Export volumes, euro area",Monthly,index,CPB,n,y,growthr,https://www.cpb.nl/sites/default/files/wtmonitor/cpb-data-wtm.xlsx,39,1,0,1,0,0,0,0,1,0,7,7,0,0,14,14,1,1,2
x_vol_cn,"Export volumes, China",Monthly,index,CPB,n,y,growthr,https://www.cpb.nl/sites/default/files/wtmonitor/cpb-data-wtm.xlsx,39,1,0,1,0,0,0,0,0,1,0,0,0,0,0,0,1,1,2
x_vol_ema,"Export volumes, emerging Asia",Monthly,index,CPB,n,y,growthr,https://www.cpb.nl/sites/default/files/wtmonitor/cpb-data-wtm.xlsx,39,1,0,1,0,0,0,0,0,1,0,0,10,10,0,0,1,1,2
x_vol_cis,"Export volumes, Easter Europe and CIS",Monthly,index,CPB,n,y,growthr,https://www.cpb.nl/sites/default/files/wtmonitor/cpb-data-wtm.xlsx,39,1,0,1,0,0,0,0,0,1,17,17,0,0,0,0,1,1,2
x_vol_lac,"Export volumes, Latin America",Monthly,index,CPB,n,y,growthr,https://www.cpb.nl/sites/default/files/wtmonitor/cpb-data-wtm.xlsx,39,1,0,1,0,0,0,0,0,1,0,0,0,0,0,0,1,1,2
x_vol_afr,"Export volumes, Africa and Middle East",Monthly,index,CPB,n,y,growthr,https://www.cpb.nl/sites/default/files/wtmonitor/cpb-data-wtm.xlsx,39,1,0,1,0,0,0,0,0,1,0,0,0,0,0,0,1,1,2
x_uv_world,Unit value of exports,Monthly,index,CPB,n,y,growthr,https://www.cpb.nl/sites/default/files/wtmonitor/cpb-data-wtm.xlsx,39,1,1,0,0,0,0,0,1,1,0,0,0,0,0,0,1,1,2
tourists_mx,"International tourist arrivals, Mexico",Monthly,1000 persons,Banxico,n,n,growthr,token:3a03947310e12f4de4cc5ac5f42e41e445bbdbec7825a4b84f1610d5200e1743:series:SE5830,40,1,0,0,0,1,0,0,0,1,0,0,0,0,0,0,1,1,2
bci_servs_eu,"Business confidence index, services, EU27",Monthly,index,EC,n,y,50_chg,https://ec.europa.eu/economy_finance/db_indicators/surveys/documents/series/nace2_ecfin_2003/services_total_sa_nace2.zip,41,1,0,0,0,0,0,1,1,0,0,0,0,0,0,0,1,1,2
container_index,Container throughput index,Monthly,index,RWI/ISL,n,y,growthr,http://www.rwi-essen.de/containerindex,42,1,0,1,1,1,0,0,1,1,0,0,9,9,0,0,1,1,2
is_jp,"Services production index, Japan",Monthly,index,METI,n,y,growthr,https://www.meti.go.jp/english/statistics/tyo/zenkatu/excel/b2010_zsme.xls:item_number:KAC00000I,43,1,0,0,0,0,1,0,1,0,0,0,0,0,0,0,1,1,2
is_uk,"Services production index, United Kingdom",Monthly,index,ONS,n,y,growthr,https://www.ons.gov.uk/generator?format=xls&uri=/economy/economicoutputandproductivity/output/timeseries/s2ku/ios1,44,1,0,0,0,0,1,0,1,0,0,0,0,0,0,0,1,1,2
is_br,"Services production index, Brazil",Monthly,index,IBGE,n,y,growthr,"https://sidra.ibge.gov.br/geratabela?format=xlsx&name=tabela6442.xlsx&terr=N&rank=-&query=t/6442/n1/all/v/all/p/all/c11046/40312/d/v8676%201,v8677%201/l/v,p%2Bc11046,t",45,1,0,0,0,0,1,0,0,1,0,0,0,0,0,0,1,1,2
ipi_br,"Industrial production index, Brazil",Monthly,index 2012 = 100,IBGE,n,y,growthr,"https://sidra.ibge.gov.br/geratabela?format=xlsx&name=tabela3653.xlsx&terr=N&rank=-&query=t/3653/n1/all/v/3134/p/all/c544/129314/d/v3134%201/l/v,p%2Bc544,t",46,1,0,0,0,0,1,0,0,1,0,0,0,0,0,0,1,1,2
tourists_tk,"Departing foreign visitors, Turkey",Quarterly,persons,TR NSO,n,n,growthr,http://www.turkstat.gov.tr/PreIstatistikTablo.do?istab_id=324,47,1,0,0,0,1,0,0,0,1,0,0,0,0,0,0,1,1,2
container_sg,"Total container throughput, Singapore",Monthly,1000 TEUs,SG NSO,n,n,growthr,https://www.tablebuilder.singstat.gov.sg/publicfacing/api/json/title/15317.json,48,1,0,1,1,1,0,0,0,1,0,0,13,13,0,0,1,1,2
x_sg,"Merchandise exports, Singapore",Monthly,US$ thousands,SG NSO,n,n,growthr,https://www.tablebuilder.singstat.gov.sg/publicfacing/api/json/title/15334.json,49,1,1,0,0,0,0,0,0,1,0,0,0,0,0,0,1,1,2
air_freight_total_lhr,"Total air freight, Heathrow airport",Monthly,metric tonnes,LHR,n,n,growthr,https://www.heathrow.com/content/dam/heathrow/web/common/documents/company/investor/reports-and-presentations/traffic-statistics/Heathrow-Monthly-Traffic-Statistics-Jan-2005-LASTDATE.xlsx,50,1,0,1,1,1,0,0,1,0,0,0,0,0,0,0,1,1,2
air_freight_intl_lhr,"International air freight, Heathrow airport",Monthly,metric tonnes,LHR,n,n,growthr,https://www.heathrow.com/content/dam/heathrow/web/common/documents/company/investor/reports-and-presentations/traffic-statistics/Heathrow-Monthly-Traffic-Statistics-Jan-2005-LASTDATE.xlsx,50,1,0,1,1,1,0,0,1,0,0,0,0,0,0,0,1,1,2
air_freight_hkg,"Total air freight, Hong Kong airport",Monthly,metric tonnes,HKG,n,n,growthr,https://www.cad.gov.hk/english/pdf/Stat%20Webpage.xlsx,51,1,0,1,1,1,0,0,0,1,14,14,0,0,0,0,1,1,2
p_comm,Free market commodity price index,Monthly,index,UNCTAD,n,n,growthr,https://unctadstat.unctad.org/7zip/US_CommodityPriceIndices_M.csv.7z,52,1,1,0,0,0,0,0,1,1,0,0,0,0,0,0,1,1,2
x_vol_world2,"Export volumes, world (UNCTAD)",Quarterly,index,UNCTAD,n,n,growthr,https://unctadstat.unctad.org/7zip/US_MerchVolumeQuarterly.csv.7z,53,1,0,1,0,0,0,0,1,0,0,0,1,1,0,0,1,1,2
x_servs_uk2,"Exports of services, United Kingdom (Eikon)",Monthly,GBP,Eikon,n,y,growthr,manual,54,1,0,0,0,1,0,0,1,0,0,0,0,0,0,0,1,1,2
fdi_cn,"Foreign direct investment, capital used, China",Monthly,USD,Eikon,n,n,growthr,manual,54,1,0,0,0,1,1,0,0,1,0,0,0,0,0,0,1,1,2
fdi_in,"Overseas direct investment, India",Monthly,USD,Eikon,n,n,growthr,manual,54,1,0,0,0,1,1,0,0,1,0,0,0,0,0,0,1,1,2
baltic,Baltic dry index,Monthly,index,Eikon,n,n,growthr,manual,54,1,0,1,1,1,0,0,1,1,0,0,0,0,0,0,1,1,2
harpex,Harpex charter rate index,Monthly,index,Eikon,n,n,growthr,manual,54,1,0,1,1,1,0,0,1,1,0,0,0,0,0,0,1,1,2
pmi_manuf_us,"Manufacturing purchasing managers' index, United States",Monthly,index,Eikon,n,y,chg,manual,54,1,0,0,0,0,0,1,1,0,0,0,0,0,0,0,1,1,2
pmi_nm_us,"Non-manufacturing purchaser managers' index, United States",Monthly,index,Eikon,n,y,chg,manual,54,1,0,0,0,0,0,1,1,0,0,0,0,0,0,0,1,1,2
pmi_nm_cn,"Non-manufacturing purchaser managers' index, China (Eikon)",Monthly,index,Eikon,n,y,chg,manual,54,1,0,0,0,0,0,1,0,1,0,0,0,0,0,0,1,1,2
oil_x,Oil exports,Monthly,kb/d,Eikon,n,n,growthr,manual,54,1,0,1,0,0,1,0,0,1,0,0,0,0,0,0,1,1,2
oil_prod,Oil production,Monthly,mb/d,Eikon,n,n,growthr,manual,54,1,0,0,0,0,1,0,0,1,0,0,0,0,0,0,1,1,2
tourists_th,"International tourist arrivals, Thailand",Monthly,persons,Eikon,n,n,growthr,manual,54,1,0,0,0,1,0,0,0,1,0,0,0,0,0,0,1,1,2
tourists_neasia,"Tourist arrivals, North-East Asia",Monthly,y-o-y growth rates,UNWTO,n,y,linear,https://www.e-unwto.org/doi/pdf/10.18111/wtobarometereng.,55,1,0,0,0,1,0,0,0,1,0,0,0,0,0,0,1,1,2
tourists_seasia,"Tourist arrivals, South-East Asia",Monthly,y-o-y growth rates,UNWTO,n,y,linear,https://www.e-unwto.org/doi/pdf/10.18111/wtobarometereng.,55,1,0,0,0,1,0,0,0,1,0,0,0,0,0,0,1,1,2
tourists_world,"Tourist arrivals, world",Monthly,y-o-y growth rates,UNWTO,n,y,linear,https://www.e-unwto.org/doi/pdf/10.18111/wtobarometereng.,55,1,0,0,0,1,0,0,1,1,0,0,0,0,0,0,1,1,2
container_hk,"Container throughput, Hong Kong port",Monthly,1000 TEUs,HK Ports,n,n,growthr,https://www.hkmpb.gov.hk/document/HKP_KTCT-stat_csv1(EN).csv,56,1,0,1,1,1,0,0,0,1,0,0,0,0,0,0,1,1,2
transit_pa_canal,Oceangoing transit through Panama Canal,Monthly,number of ships,PA Canal,n,n,growthr,https://www.pancanal.com/common/maritime/advisories/,57,1,0,1,1,1,0,0,0,1,0,0,0,0,0,0,1,1,2
transit_suez_canal,Net tonnage transiting through Suez Canal,Monthly,1000 tonnes,Suez Canal,n,n,growthr,https://www.suezcanal.gov.eg/English/Downloads/DownloadsDocLibrary/Navigation Reports/Monthly Reports/,58,1,0,1,1,1,0,0,0,1,0,0,0,0,0,0,1,1,2
air_freight_mem,"Total air freight, Memphis airport",Monthly,kg,MEM,n,n,growthr,https://www.flymemphis.com/Areas/Admin/Images/Upload_2020055092924.pdf,59,1,0,1,1,1,0,0,1,0,0,0,0,0,0,0,1,1,2
container_exports_la,"Container throughput total, Los Angeles port",Monthly,TEUs,LA Port,n,n,growthr,https://www.portoflosangeles.org/business/statistics/container-statistics/historical-teu-statistics-,60,1,0,1,1,1,0,0,1,0,0,0,0,0,0,0,1,1,2
container_total_la,"Container throughput exports, Los Angeles port",Monthly,TEUs,LA Port,n,n,growthr,https://www.portoflosangeles.org/business/statistics/container-statistics/historical-teu-statistics-,60,1,0,1,1,1,0,0,1,0,0,0,0,0,0,0,1,1,2
x_servs_world,"Exports of services, world",Quarterly,million US$,UNCTAD,n,n,growthr,manual,61,1,0,0,0,1,0,0,1,1,0,0,0,0,1,1,1,1,2
x_servs_in,"Exports of services, India",Monthly,US$ millions,RBI,n,n,growthr,https://www.rbi.org.in/Scripts/Pr_DataRelease.aspx?SectionID=352,62,1,0,0,0,1,0,0,0,1,0,0,0,0,0,0,1,1,2
manuf_ba_conf_pl,"Manufacturing business activity confidence indicator, Poland",Monthly,"diffusion index,  base 0",OECD,n,y,50_chg,https://stats.oecd.org/restsdmx/sdmx.ashx/GetData/MEI_BTS_COS/BSCI.DEU+NLD+ITA+CHE+POL.BLSA.M/all?startTime=,63,1,0,0,0,0,1,1,1,1,0,0,5,5,0,0,1,1,2
manuf_ba_conf_ch,"Manufacturing business activity confidence indicator, Switzerland",Monthly,"diffusion index,  base 0",OECD,n,y,50_chg,https://stats.oecd.org/restsdmx/sdmx.ashx/GetData/MEI_BTS_COS/BSCI.DEU+NLD+ITA+CHE+POL.BLSA.M/all?startTime=,63,1,0,0,0,0,1,1,1,1,0,0,0,0,0,0,1,1,2
manuf_ba_conf_de,"Manufacturing business activity confidence indicator, Germany",Monthly,"diffusion index,  base 0",OECD,n,y,50_chg,https://stats.oecd.org/restsdmx/sdmx.ashx/GetData/MEI_BTS_COS/BSCI.DEU+NLD+ITA+CHE+POL.BLSA.M/all?startTime=,63,1,0,0,0,0,1,1,1,0,0,0,0,0,0,0,1,1,2
manuf_ba_conf_it,"Manufacturing business activity confidence indicator, Italy",Monthly,"diffusion index,  base 0",OECD,n,y,50_chg,https://stats.oecd.org/restsdmx/sdmx.ashx/GetData/MEI_BTS_COS/BSCI.DEU+NLD+ITA+CHE+POL.BLSA.M/all?startTime=,63,1,0,0,0,0,1,1,1,0,0,0,0,0,0,0,1,1,2
manuf_ba_conf_nl,"Manufacturing business activity confidence indicator, Netherlands",Monthly,"diffusion index,  base 0",OECD,n,y,50_chg,https://stats.oecd.org/restsdmx/sdmx.ashx/GetData/MEI_BTS_COS/BSCI.DEU+NLD+ITA+CHE+POL.BLSA.M/all?startTime=,63,1,0,0,0,0,1,1,1,0,0,0,0,0,0,0,1,1,2
manuf_emp_fut_de,"Manufacturing employment future tendency, Germany",Monthly,"diffusion index,  base 0",OECD,n,y,50_chg,https://stats.oecd.org/restsdmx/sdmx.ashx/GetData/MEI_BTS_COS/BSEMFT.DEU+NLD+ITA.BLSA.M/all?startTime=,64,1,0,0,0,0,1,1,1,0,0,0,0,0,0,0,1,1,2
manuf_emp_fut_it,"Manufacturing employment future tendency, Italy",Monthly,"diffusion index,  base 0",OECD,n,y,50_chg,https://stats.oecd.org/restsdmx/sdmx.ashx/GetData/MEI_BTS_COS/BSEMFT.DEU+NLD+ITA.BLSA.M/all?startTime=,64,1,0,0,0,0,1,1,1,0,0,0,0,0,11,11,1,1,2
manuf_emp_fut_nl,"Manufacturing employment future tendency, Netherlands",Monthly,"diffusion index,  base 0",OECD,n,y,50_chg,https://stats.oecd.org/restsdmx/sdmx.ashx/GetData/MEI_BTS_COS/BSEMFT.DEU+NLD+ITA.BLSA.M/all?startTime=,64,1,0,0,0,0,1,1,1,0,0,0,0,0,0,0,1,1,2
serv_conf_fr,"Service confidence indicator, France",Monthly,"diffusion index,  base 0",OECD,n,y,50_chg,https://stats.oecd.org/restsdmx/sdmx.ashx/GetData/MEI_BTS_COS/BVCI.FRA+NLD.BLSA.M/all?startTime=,65,1,0,0,0,0,0,1,1,0,0,0,0,0,0,0,1,1,2
serv_conf_nl,"Service confidence indicator, Netherlands",Monthly,"diffusion index,  base 0",OECD,n,y,50_chg,https://stats.oecd.org/restsdmx/sdmx.ashx/GetData/MEI_BTS_COS/BVCI.FRA+NLD.BLSA.M/all?startTime=,65,1,0,0,0,0,0,1,1,0,0,0,0,0,0,0,1,1,2
serv_emp_fut_nl,"Service employment future tendency, Netherlands",Monthly,"diffusion index,  base 0",OECD,n,y,50_chg,https://stats.oecd.org/restsdmx/sdmx.ashx/GetData/MEI_BTS_COS/BVEMFT.NLD.BLSA.M/all?startTime=,66,1,0,0,0,1,1,1,1,0,0,0,0,0,0,0,1,1,2
shipfix_de,"Monthly Shipfix Tonnage, Germany",Monthly,tons,Shipfix,n,n,growthr,NA,67,1,0,1,1,1,0,0,1,0,0,0,0,0,0,0,1,1,2
shipfix_nl,"Monthly Shipfix Tonnage, Netherlands",Monthly,tons,Shipfix,n,n,growthr,NA,67,1,0,1,1,1,0,0,1,0,0,0,0,0,0,0,1,1,2
shipfix_cn,"Monthly Shipfix Tonnage, China",Monthly,tons,Shipfix,n,n,growthr,NA,67,1,0,1,1,1,0,0,0,1,0,0,0,0,0,0,1,1,2
shipfix_hk,"Monthly Shipfix Tonnage, Hong Kong",Monthly,tons,Shipfix,n,n,growthr,NA,67,1,0,1,1,1,0,0,0,1,0,0,0,0,0,0,1,1,2
shipfix_us,"Monthly Shipfix Tonnage, USA",Monthly,tons,Shipfix,n,n,growthr,NA,67,1,0,1,1,1,0,0,1,0,0,0,0,0,0,0,1,1,2
shipfix_fr,"Monthly Shipfix Tonnage, France",Monthly,tons,Shipfix,n,n,growthr,NA,67,1,0,1,1,1,0,0,1,0,0,0,0,0,0,0,1,1,2
shipfix_uk,"Monthly Shipfix Tonnage, UK",Monthly,tons,Shipfix,n,n,growthr,NA,67,1,0,1,1,1,0,0,1,0,0,0,0,0,0,0,1,1,2
shipfix_jp,"Monthly Shipfix Tonnage, Japan",Monthly,tons,Shipfix,n,n,growthr,NA,67,1,0,1,1,1,0,0,1,0,0,0,0,0,0,0,1,1,2
shipfix_sg,"Monthly Shipfix Tonnage, Singapore",Monthly,tons,Shipfix,n,n,growthr,NA,67,1,0,1,1,1,0,0,0,1,0,0,0,0,0,0,1,1,2
shipfix_ae,"Monthly Shipfix Tonnage, UAE",Monthly,tons,Shipfix,n,n,growthr,NA,67,1,0,1,1,1,0,0,0,1,0,0,0,0,0,0,1,1,2
ipi_in,"Industrial production index, India",Monthly,tons,MOSPI,n,n,growthr,http://mospi.nic.in/sites/default/files/iip/iipdataMay20.xlsx,68,1,0,0,0,0,1,0,0,1,0,0,0,0,0,0,1,1,2
tourists_us,"Tourist arrivals, US",Monthly,persons,ITA,n,n,growthr,https://travel.trade.gov/view/m-2017-I-001/documents/Final%20COR%20Volume.xlsx,69,1,0,0,0,1,0,0,1,0,0,0,0,0,0,0,1,1,2
cci_id,"Consumer confidence index, Indonesia",Monthly,NA,BI,n,n,growthr,https://www.bi.go.id/id/publikasi/survei/konsumen/Documents/SK.zip,70,1,0,0,0,0,0,1,0,1,0,0,0,0,0,0,1,1,2
fc_gdp_us,"GDP volume incl. forecasts, United States",Quarterly,constant 2012 US$,OECD,n,y,growthr,https://stats.oecd.org/restsdmx/sdmx.ashx/GetData/EO107_INTERNET_1/DEU+JPN+GBR+USA+OTO.GDPV.Q/all?startTime=,71,1,0,0,0,0,1,0,1,0,0,0,0,0,13,13,1,1,2
fc_gdp_jp,"GDP volume incl. forecasts, Japan",Quarterly,constant 2011 Y,OECD,n,y,growthr,https://stats.oecd.org/restsdmx/sdmx.ashx/GetData/EO107_INTERNET_1/DEU+JPN+GBR+USA+OTO.GDPV.Q/all?startTime=,71,1,0,0,0,0,1,0,1,0,0,0,0,0,0,0,1,1,2
fc_gdp_de,"GDP volume incl. forecasts, Germany",Quarterly,constant 2015 €,OECD,n,y,growthr,https://stats.oecd.org/restsdmx/sdmx.ashx/GetData/EO107_INTERNET_1/DEU+JPN+GBR+USA+OTO.GDPV.Q/all?startTime=,71,1,0,0,0,0,1,0,1,0,0,0,0,0,0,0,1,1,2
fc_gdp_uk,"GDP volume incl. forecasts, United Kingdom",Quarterly,constant 2016 GBP,OECD,n,y,growthr,https://stats.oecd.org/restsdmx/sdmx.ashx/GetData/EO107_INTERNET_1/DEU+JPN+GBR+USA+OTO.GDPV.Q/all?startTime=,71,1,0,0,0,0,1,0,1,0,0,0,0,0,0,0,1,1,2
fc_gdp_oecd,"GDP volume incl. forecasts, OECD",Quarterly,constant 2012 US$,OECD,n,y,growthr,https://stats.oecd.org/restsdmx/sdmx.ashx/GetData/EO107_INTERNET_1/DEU+JPN+GBR+USA+OTO.GDPV.Q/all?startTime=,71,1,0,0,0,0,1,0,1,0,0,0,0,0,0,0,1,1,2
fc_x_us,"Export volume of goods and services incl. forecasts, United States",Quarterly,constant 2015 US$,OECD,n,y,growthr,https://stats.oecd.org/restsdmx/sdmx.ashx/GetData/EO107_INTERNET_1/DEU+JPN+NLD+USA.XGSVD.Q/all?startTime=,72,1,0,1,0,1,0,0,1,0,5,5,0,0,2,2,1,1,2
fc_x_de,"Export volume of goods and services incl. forecasts, Germany",Quarterly,constant 2015 US$,OECD,n,y,growthr,https://stats.oecd.org/restsdmx/sdmx.ashx/GetData/EO107_INTERNET_1/DEU+JPN+NLD+USA.XGSVD.Q/all?startTime=,72,1,0,1,0,1,0,0,1,0,0,0,0,0,7,7,1,1,2
fc_x_nl,"Export volume of goods and services incl. forecasts, Netherlands",Quarterly,constant 2015 US$,OECD,n,y,growthr,https://stats.oecd.org/restsdmx/sdmx.ashx/GetData/EO107_INTERNET_1/DEU+JPN+NLD+USA.XGSVD.Q/all?startTime=,72,1,0,1,0,1,0,0,1,0,0,0,0,0,0,0,1,1,2
fc_x_jp,"Export volume of goods and services incl. forecasts, Japan",Quarterly,constant 2015 US$,OECD,n,y,growthr,https://stats.oecd.org/restsdmx/sdmx.ashx/GetData/EO107_INTERNET_1/DEU+JPN+NLD+USA.XGSVD.Q/all?startTime=,72,1,0,1,0,1,0,0,1,0,0,0,0,0,0,0,1,1,2
